timestamp,south_bikes,south_capacity,north_bikes,north_capacity
2025-12-04 12:52:20,190,317,97,170
timestamp,south_bikes,south_capacity,north_bikes,north_capacity
2025-12-04 12:53:47,190,317,97,170
timestamp,south_bikes,south_capacity,north_bikes,north_capacity
2025-12-04 12:59:29,189,317,97,170
timestamp,south_bikes,south_capacity,north_bikes,north_capacity
2025-12-04 13:14:41,189,317,98,170
timestamp,south_bikes,south_capacity,north_bikes,north_capacity
2025-12-04 13:16:35,189,317,98,170
timestamp,south_bikes,south_capacity,north_bikes,north_capacity
2025-12-04 13:19:56,188,316,98,171
timestamp,south_bikes,south_capacity,north_bikes,north_capacity
2025-12-04 13:20:52,188,318,97,170
timestamp,south_bikes,south_capacity,north_bikes,north_capacity
2025-12-04 13:21:04,188,318,97,170
timestamp,south_bikes,south_capacity,north_bikes,north_capacity
2025-12-04 15:45:22,200,313,100,170
timestamp,south_bikes,south_capacity,north_bikes,north_capacity
2025-12-05 14:55:38,164,311,94,170
timestamp,iteration,south_bikes,south_capacity,north_bikes,north_capacity
2025-12-05 15:06:35,1,166,311,93,170
timestamp,iteration,south_bikes,south_capacity,north_bikes,north_capacity
2025-12-05 15:10:32,1,168,313,93,170
2025-12-05 15:11:32,2,168,313,93,170
2025-12-05 15:12:33,3,167,313,93,170
2025-12-05 15:13:33,4,166,313,93,170
2025-12-05 15:14:34,5,166,313,93,170
2025-12-05 15:15:34,6,165,313,93,170
2025-12-05 15:44:34,7,171,313,92,168
timestamp,iteration,south_bikes,south_capacity,north_bikes,north_capacity
2025-12-07 16:08:58,1,152,311,96,168
timestamp,iteration,south_bikes,south_capacity,north_bikes,north_capacity
2025-12-07 16:13:44,1,152,311,96,168
2025-12-07 16:14:47,2,152,311,98,168
2025-12-07 16:15:47,3,152,311,98,168
2025-12-07 16:16:48,4,151,310,98,167
2025-12-07 16:17:48,5,152,312,99,168
2025-12-07 16:18:48,6,151,311,99,168
2025-12-07 16:19:48,7,151,311,98,168
2025-12-07 16:20:48,8,151,311,98,168
2025-12-07 16:21:49,9,151,311,98,170
2025-12-07 16:22:49,10,150,312,96,167
2025-12-07 16:23:49,11,149,311,97,168
2025-12-07 16:24:49,12,149,311,97,168
2025-12-07 16:25:50,13,150,311,97,168
2025-12-07 16:26:50,14,150,311,97,168
2025-12-07 16:27:50,15,150,310,97,168
2025-12-07 16:28:50,16,150,309,96,167
2025-12-07 16:29:50,17,151,310,96,167
2025-12-07 16:30:51,18,150,310,96,167
2025-12-07 16:31:51,19,150,312,96,167
2025-12-07 16:32:51,20,149,311,96,167
2025-12-07 16:33:51,21,149,311,96,168
2025-12-07 16:34:52,22,150,311,96,168
2025-12-07 16:35:52,23,150,309,96,168
2025-12-07 16:36:52,24,151,310,97,168
2025-12-07 16:37:53,25,151,310,97,168
2025-12-07 16:38:53,26,151,310,97,168
2025-12-07 16:39:53,27,152,310,97,168
2025-12-07 16:40:54,28,152,309,95,168
2025-12-07 16:41:54,29,152,310,94,169
2025-12-07 16:42:54,30,153,311,93,167
2025-12-07 16:43:55,31,153,311,94,168
2025-12-07 16:44:55,32,153,311,94,168
2025-12-07 16:45:55,33,153,311,94,168
2025-12-07 16:46:55,34,154,310,94,168
2025-12-07 16:47:55,35,155,311,94,168
2025-12-07 16:48:56,36,155,311,94,168
2025-12-07 16:49:56,37,155,310,94,168
2025-12-07 16:50:56,38,156,311,94,168
2025-12-07 16:51:57,39,156,311,94,168
2025-12-07 16:52:57,40,156,310,94,168
2025-12-07 16:53:57,41,156,311,94,168
2025-12-07 16:54:57,42,156,311,94,168
2025-12-07 16:55:58,43,156,311,94,168
2025-12-07 16:56:58,44,156,311,94,168
2025-12-07 16:57:58,45,156,311,94,168
2025-12-07 16:58:59,46,156,311,94,168
2025-12-07 16:59:59,47,156,311,94,168
2025-12-07 17:01:01,48,156,311,94,168
2025-12-07 17:02:02,49,156,310,94,168
2025-12-07 17:33:53,50,154,310,91,168
timestamp,iteration,south_bikes,south_capacity,north_bikes,north_capacity
2025-12-07 17:34:45,1,154,310,91,168
timestamp,iteration,south_bikes,south_capacity,north_bikes,north_capacity
2025-12-07 17:34:48,1,154,310,91,168
2025-12-07 17:35:48,2,155,312,91,167
2025-12-07 17:36:49,3,154,311,92,168
2025-12-07 17:37:49,4,154,311,92,169
2025-12-07 17:38:49,5,154,312,91,168
2025-12-07 17:39:49,6,152,311,91,168
2025-12-07 17:40:50,7,152,312,91,168
2025-12-07 17:41:50,8,151,311,91,168
2025-12-07 17:42:50,9,151,311,91,168
2025-12-07 17:43:51,10,153,311,91,168
2025-12-07 17:44:51,11,153,311,91,168
2025-12-07 17:45:51,12,153,311,91,168
2025-12-07 17:46:52,13,153,311,91,168
2025-12-07 17:47:52,14,152,310,91,168
2025-12-07 17:48:52,15,152,311,91,168
2025-12-07 17:49:52,16,151,311,91,168
2025-12-07 17:50:52,17,150,309,91,168
2025-12-07 17:51:53,18,151,310,91,168
2025-12-07 17:52:53,19,151,309,91,168
2025-12-07 17:53:53,20,152,310,91,168
2025-12-07 17:54:53,21,152,310,91,168
2025-12-07 17:55:53,22,153,311,91,168
2025-12-07 17:56:54,23,152,310,91,168
2025-12-07 17:57:54,24,150,310,91,168
2025-12-07 17:58:54,25,150,310,91,168
2025-12-07 17:59:55,26,149,311,91,168
2025-12-07 18:00:55,27,149,312,91,169
2025-12-07 18:01:55,28,148,311,90,168
2025-12-07 18:02:56,29,148,311,90,168
2025-12-07 18:03:56,30,148,311,90,168
2025-12-07 18:04:56,31,148,311,90,168
2025-12-07 18:05:57,32,148,311,90,168
2025-12-07 18:06:57,33,147,311,91,168
2025-12-07 18:07:57,34,147,310,91,168
2025-12-07 18:08:57,35,148,311,91,168
2025-12-07 18:09:58,36,149,311,91,168
2025-12-07 18:10:58,37,149,311,91,168
2025-12-07 18:11:58,38,148,311,90,168
2025-12-07 18:12:58,39,148,310,90,168
2025-12-07 18:13:59,40,149,311,90,168
2025-12-07 18:14:59,41,148,311,90,169
2025-12-07 18:15:59,42,148,312,89,168
2025-12-07 18:16:59,43,148,311,89,168
2025-12-07 18:18:00,44,150,312,89,168
2025-12-07 18:19:00,45,150,311,89,168
2025-12-07 18:20:00,46,151,312,89,167
2025-12-07 18:21:01,47,151,312,90,168
2025-12-07 18:22:01,48,152,312,90,168
2025-12-07 18:23:01,49,153,312,90,168
2025-12-07 18:24:01,50,152,312,90,168
2025-12-07 18:25:02,51,152,312,90,168
2025-12-07 18:26:02,52,152,312,90,169
2025-12-07 18:27:02,53,152,312,89,168
2025-12-07 18:28:03,54,154,312,89,168
2025-12-07 18:29:03,55,154,312,89,168
2025-12-07 18:30:03,56,154,312,89,168
2025-12-07 18:31:03,57,154,312,89,168
2025-12-07 18:32:04,58,154,312,89,168
2025-12-07 18:33:04,59,154,312,89,168
2025-12-07 18:34:04,60,154,312,89,168
2025-12-07 18:35:04,61,154,311,89,168
2025-12-07 18:36:04,62,155,313,89,168
2025-12-07 18:37:05,63,154,312,89,168
2025-12-07 18:38:05,64,154,312,89,168
2025-12-07 18:39:05,65,154,312,89,168
2025-12-07 18:40:06,66,153,312,90,168
2025-12-07 18:41:06,67,152,311,90,168
2025-12-07 18:42:06,68,152,311,90,168
2025-12-07 18:43:07,69,152,311,90,168
2025-12-07 18:44:07,70,152,311,90,168
2025-12-07 18:45:07,71,153,312,90,168
2025-12-07 18:46:07,72,153,312,90,168
2025-12-07 18:47:07,73,153,312,90,168
2025-12-07 18:48:08,74,154,312,90,168
2025-12-07 18:49:08,75,153,312,90,168
2025-12-07 18:50:08,76,153,312,90,168
2025-12-07 18:51:08,77,154,311,90,167
2025-12-07 18:52:09,78,155,312,91,168
2025-12-07 18:53:09,79,155,312,91,168
2025-12-07 18:54:09,80,154,312,91,168
2025-12-07 18:55:10,81,153,312,91,168
2025-12-07 18:56:10,82,153,312,91,168
2025-12-07 18:57:10,83,154,312,91,168
2025-12-07 18:58:10,84,154,312,91,168
2025-12-07 18:59:11,85,154,312,91,168
2025-12-07 19:00:11,86,154,311,91,168
2025-12-07 19:01:11,87,155,312,91,168
2025-12-07 19:02:12,88,154,311,91,168
2025-12-07 19:03:12,89,154,311,91,168
2025-12-07 19:04:12,90,154,312,91,168
2025-12-07 19:05:13,91,154,311,91,168
2025-12-07 19:06:13,92,156,312,91,168
2025-12-07 19:07:13,93,157,312,91,168
2025-12-07 19:08:13,94,157,312,91,168
2025-12-07 19:09:14,95,157,312,91,168
2025-12-07 19:10:14,96,157,312,91,168
2025-12-07 19:11:14,97,157,312,91,168
2025-12-07 19:12:14,98,156,312,91,169
2025-12-07 19:13:15,99,156,312,90,168
2025-12-07 19:14:15,100,156,312,90,168
2025-12-07 19:15:16,101,157,312,90,168
2025-12-07 19:16:16,102,158,312,90,168
2025-12-07 19:17:16,103,158,312,90,168
2025-12-07 19:18:17,104,158,312,90,168
2025-12-07 19:19:17,105,157,312,90,168
2025-12-07 19:20:17,106,157,311,90,168
2025-12-07 19:21:18,107,157,312,90,168
2025-12-07 19:22:18,108,157,312,90,168
2025-12-07 19:23:18,109,157,312,90,168
2025-12-07 19:24:18,110,155,311,90,168
2025-12-07 19:25:19,111,153,311,90,168
2025-12-07 19:26:19,112,154,312,90,168
2025-12-07 19:27:19,113,154,312,90,168
2025-12-07 19:28:20,114,154,311,90,168
2025-12-07 19:29:20,115,155,312,90,168
2025-12-07 19:30:20,116,155,312,90,168
2025-12-07 19:31:21,117,154,311,90,168
2025-12-07 19:32:21,118,154,311,90,168
2025-12-07 19:33:21,119,155,311,90,168
2025-12-07 19:34:21,120,155,312,90,168
2025-12-07 19:35:22,121,156,312,90,168
2025-12-07 19:36:22,122,156,312,90,168
2025-12-07 19:37:22,123,155,312,90,168
2025-12-07 19:38:22,124,155,312,90,168
2025-12-07 19:39:23,125,155,312,90,168
2025-12-07 19:40:23,126,155,312,90,168
2025-12-07 19:41:23,127,156,312,90,168
2025-12-07 19:42:24,128,156,312,90,167
2025-12-07 19:43:24,129,156,312,91,168
2025-12-07 19:44:24,130,156,312,91,168
2025-12-07 19:45:24,131,156,311,91,168
2025-12-07 19:46:25,132,156,312,91,168
2025-12-07 19:47:25,133,156,312,91,168
2025-12-07 19:48:26,134,156,311,92,168
2025-12-07 19:49:26,135,157,312,92,168
2025-12-07 19:50:26,136,157,311,92,168
2025-12-07 19:51:27,137,158,312,91,167
2025-12-07 19:52:27,138,157,312,91,167
2025-12-07 19:53:27,139,157,312,91,167
2025-12-07 19:54:27,140,157,312,91,167
2025-12-07 19:55:28,141,156,312,91,167
2025-12-07 19:56:28,142,157,312,91,167
2025-12-07 19:57:28,143,157,312,91,167
2025-12-07 19:58:28,144,156,312,91,167
2025-12-07 19:59:29,145,156,312,91,167
2025-12-07 20:00:29,146,156,312,91,167
2025-12-07 20:01:29,147,156,312,91,167
2025-12-07 20:02:29,148,156,312,91,167
2025-12-07 20:03:30,149,156,312,91,167
2025-12-07 20:04:30,150,154,312,91,167
2025-12-07 20:05:30,151,154,312,91,167
2025-12-07 20:06:31,152,154,312,91,167
2025-12-07 20:07:31,153,154,312,91,167
2025-12-07 20:08:31,154,154,312,92,168
2025-12-07 20:09:32,155,154,312,92,168
2025-12-07 20:10:32,156,154,312,92,168
2025-12-07 20:11:32,157,154,312,92,168
2025-12-07 20:12:32,158,154,312,92,168
2025-12-07 20:13:33,159,154,312,92,168
2025-12-07 20:14:33,160,154,312,92,168
2025-12-07 20:15:33,161,154,312,92,168
2025-12-07 20:16:33,162,154,312,92,167
2025-12-07 20:17:34,163,154,312,93,168
2025-12-07 20:18:34,164,154,312,93,168
2025-12-07 20:19:34,165,154,312,93,168
2025-12-07 20:20:34,166,154,313,92,168
2025-12-07 20:21:35,167,153,312,92,168
2025-12-07 20:22:35,168,153,312,92,168
2025-12-07 20:23:35,169,153,312,92,168
2025-12-07 20:24:36,170,153,313,92,168
2025-12-07 20:25:36,171,152,312,92,168
2025-12-07 20:26:36,172,152,311,91,168
2025-12-07 20:27:36,173,153,312,90,168
2025-12-07 20:28:36,174,153,312,90,168
2025-12-07 20:29:37,175,153,312,90,168
2025-12-07 20:30:37,176,153,312,90,168
2025-12-07 20:31:37,177,154,312,90,168
2025-12-07 20:32:38,178,154,312,90,168
2025-12-07 20:33:38,179,154,312,90,168
2025-12-07 20:34:38,180,153,312,90,168
2025-12-07 20:35:38,181,153,312,90,168
2025-12-07 20:36:39,182,153,312,90,168
2025-12-07 20:37:39,183,153,312,90,168
2025-12-07 20:38:39,184,153,312,90,168
2025-12-07 20:39:39,185,152,312,90,168
2025-12-07 20:40:40,186,153,311,90,168
2025-12-07 20:41:40,187,155,312,90,168
2025-12-07 20:42:40,188,156,312,90,168
2025-12-07 20:43:40,189,156,312,90,168
2025-12-07 20:44:41,190,157,312,90,168
2025-12-07 20:45:41,191,157,313,90,168
2025-12-07 20:46:41,192,155,312,90,168
2025-12-07 20:47:41,193,155,311,90,168
2025-12-07 20:48:41,194,156,312,90,168
2025-12-07 20:49:42,195,156,312,90,168
2025-12-07 20:50:42,196,156,312,90,169
2025-12-07 20:51:42,197,157,312,90,167
2025-12-07 20:52:42,198,157,312,91,168
2025-12-07 20:53:43,199,157,312,91,168
2025-12-07 20:54:43,200,157,312,91,168
2025-12-07 20:55:43,201,157,313,91,168
2025-12-07 20:56:43,202,156,312,91,168
2025-12-07 20:57:43,203,157,312,91,168
2025-12-07 20:58:44,204,157,312,91,168
2025-12-07 20:59:44,205,157,312,91,168
2025-12-07 21:00:44,206,157,312,91,168
2025-12-07 21:01:44,207,157,312,91,168
2025-12-07 21:02:45,208,157,312,91,168
2025-12-07 21:03:45,209,0,0,0,0
2025-12-07 21:04:57,210,157,312,91,168
2025-12-07 21:05:57,211,157,311,91,168
2025-12-07 21:06:58,212,158,312,91,168
2025-12-07 21:07:58,213,158,311,91,168
2025-12-07 21:08:58,214,158,311,91,169
2025-12-07 21:09:59,215,158,311,90,168
2025-12-07 21:10:59,216,158,311,90,168
2025-12-07 21:11:59,217,157,311,90,168
2025-12-07 21:13:00,218,157,310,90,168
2025-12-07 21:14:00,219,158,311,90,168
2025-12-07 21:15:00,220,158,311,90,168
2025-12-07 21:16:00,221,158,312,90,168
2025-12-07 21:17:01,222,158,312,90,168
2025-12-07 21:18:01,223,158,312,90,168
2025-12-07 21:19:01,224,159,312,90,168
2025-12-07 21:20:02,225,159,312,90,168
2025-12-07 21:21:02,226,159,312,90,168
2025-12-07 21:22:02,227,159,312,90,168
2025-12-07 21:23:03,228,159,312,90,168
2025-12-07 21:24:03,229,159,312,90,168
2025-12-07 21:25:03,230,159,312,90,168
2025-12-07 21:26:03,231,159,312,90,168
2025-12-07 21:27:04,232,159,312,90,168
2025-12-07 21:28:04,233,159,312,90,168
2025-12-07 21:29:04,234,159,312,90,167
2025-12-07 21:30:04,235,159,311,90,168
2025-12-07 21:31:05,236,160,312,90,169
2025-12-07 21:32:05,237,160,312,89,168
2025-12-07 21:33:05,238,160,312,89,168
2025-12-07 21:34:05,239,160,312,89,168
2025-12-07 21:35:06,240,160,311,89,168
timestamp,iteration,south_bikes,south_capacity,north_bikes,north_capacity
2025-12-08 07:04:03,1,143,311,88,168
2025-12-08 07:05:03,2,144,311,88,168
2025-12-08 07:06:03,3,144,310,88,168
2025-12-08 07:07:03,4,145,311,88,168
2025-12-08 07:08:03,5,145,311,88,168
2025-12-08 07:09:04,6,145,311,88,168
2025-12-08 07:10:04,7,144,311,88,168
2025-12-08 07:11:04,8,144,312,88,168
2025-12-08 07:12:04,9,143,310,88,168
2025-12-08 07:13:05,10,144,311,88,168
2025-12-08 07:14:05,11,144,311,88,168
2025-12-08 07:15:05,12,143,310,88,168
2025-12-08 07:16:05,13,145,311,87,168
2025-12-08 07:17:06,14,145,311,87,168
2025-12-08 07:18:06,15,145,311,87,168
2025-12-08 07:19:06,16,145,311,87,168
2025-12-08 07:20:06,17,145,312,86,168
2025-12-08 07:21:07,18,144,311,86,168
2025-12-08 07:22:07,19,144,311,85,168
2025-12-08 07:23:07,20,144,311,85,168
2025-12-08 07:24:07,21,144,311,85,168
2025-12-08 07:25:08,22,144,311,85,168
2025-12-08 07:26:08,23,144,311,85,168
2025-12-08 07:27:08,24,145,311,85,168
2025-12-08 07:28:09,25,145,311,85,168
2025-12-08 07:29:09,26,146,311,85,168
2025-12-08 07:30:09,27,146,312,85,168
2025-12-08 07:31:09,28,145,311,85,168
2025-12-08 07:32:10,29,145,311,85,168
2025-12-08 07:33:10,30,145,310,85,168
2025-12-08 07:34:11,31,146,309,85,168
2025-12-08 07:35:11,32,148,311,85,168
2025-12-08 07:36:11,33,148,311,85,168
2025-12-08 07:37:11,34,148,311,85,168
2025-12-08 07:38:11,35,148,311,85,168
2025-12-08 07:39:12,36,148,311,85,168
2025-12-08 07:40:12,37,147,311,85,168
2025-12-08 07:41:12,38,147,312,85,168
2025-12-08 07:42:13,39,146,311,85,168
2025-12-08 07:43:13,40,146,311,85,168
2025-12-08 07:44:13,41,146,311,85,168
2025-12-08 07:45:13,42,146,311,85,168
2025-12-08 07:46:14,43,146,312,85,168
2025-12-08 07:47:14,44,145,311,85,168
2025-12-08 07:48:14,45,145,311,85,168
2025-12-08 07:49:15,46,143,311,85,168
2025-12-08 07:50:15,47,142,310,85,168
2025-12-08 07:51:15,48,141,311,85,168
2025-12-08 07:52:15,49,139,310,85,168
2025-12-08 07:53:15,50,139,310,85,168
2025-12-08 07:54:16,51,140,309,85,168
2025-12-08 07:55:16,52,142,310,85,168
2025-12-08 07:56:16,53,142,311,85,168
2025-12-08 07:57:17,54,141,311,85,168
2025-12-08 07:58:17,55,141,311,85,168
2025-12-08 07:59:17,56,141,311,85,167
2025-12-08 08:00:17,57,141,310,86,168
2025-12-08 08:01:18,58,141,310,86,168
2025-12-08 08:02:18,59,141,310,86,168
2025-12-08 08:03:18,60,143,311,86,168
2025-12-08 08:04:19,61,143,311,86,168
2025-12-08 08:05:19,62,143,310,86,167
2025-12-08 08:06:19,63,143,310,87,168
2025-12-08 08:07:20,64,143,311,87,168
2025-12-08 08:08:20,65,143,311,87,168
2025-12-08 08:09:21,66,143,311,87,168
2025-12-08 08:10:21,67,141,310,87,168
2025-12-08 08:11:21,68,142,311,87,168
2025-12-08 08:12:21,69,142,310,87,168
2025-12-08 08:13:22,70,143,310,87,168
2025-12-08 08:14:22,71,144,311,87,168
2025-12-08 08:15:22,72,144,311,86,167
2025-12-08 08:16:23,73,144,310,86,167
2025-12-08 08:17:23,74,144,311,86,167
2025-12-08 08:18:23,75,143,310,87,167
2025-12-08 08:19:23,76,143,310,87,168
2025-12-08 08:20:24,77,143,310,87,169
2025-12-08 08:21:24,78,143,310,87,169
2025-12-08 08:22:24,79,143,310,87,169
2025-12-08 08:23:25,80,143,310,88,169
2025-12-08 08:24:25,81,142,310,88,169
2025-12-08 08:25:25,82,142,310,88,169
2025-12-08 08:26:25,83,141,309,88,169
2025-12-08 08:27:25,84,141,309,88,169
2025-12-08 08:28:26,85,140,309,88,169
2025-12-08 08:29:26,86,140,309,88,169
2025-12-08 08:30:26,87,140,309,88,169
2025-12-08 08:31:27,88,140,309,88,169
2025-12-08 08:32:27,89,140,309,88,169
2025-12-08 08:33:27,90,139,309,88,169
2025-12-08 08:34:27,91,139,310,88,169
2025-12-08 08:35:27,92,140,310,88,169
2025-12-08 08:36:28,93,139,310,88,169
2025-12-08 08:37:28,94,139,310,88,169
2025-12-08 08:38:28,95,138,309,88,168
2025-12-08 08:39:29,96,138,309,89,170
2025-12-08 08:40:29,97,138,308,88,169
2025-12-08 08:41:29,98,136,308,88,169
2025-12-08 08:42:30,99,136,309,88,169
2025-12-08 08:43:30,100,135,308,88,169
2025-12-08 08:44:30,101,135,310,88,169
2025-12-08 08:45:30,102,136,309,88,169
2025-12-08 08:46:31,103,138,309,88,169
2025-12-08 08:47:31,104,139,310,88,169
2025-12-08 08:48:31,105,138,310,88,169
2025-12-08 08:49:31,106,138,310,88,169
2025-12-08 08:50:32,107,138,310,88,169
2025-12-08 08:51:32,108,137,309,88,169
2025-12-08 08:52:32,109,137,309,88,169
2025-12-08 08:53:32,110,136,307,88,169
2025-12-08 08:54:33,111,137,309,88,169
2025-12-08 08:55:33,112,136,307,88,169
2025-12-08 08:56:33,113,137,309,88,169
2025-12-08 08:57:33,114,136,307,88,169
2025-12-08 08:58:34,115,137,308,88,169
2025-12-08 08:59:34,116,136,309,88,169
2025-12-08 09:00:34,117,136,309,88,169
2025-12-08 09:01:34,118,135,309,88,169
2025-12-08 09:02:35,119,135,309,88,169
2025-12-08 09:03:35,120,134,309,88,169
2025-12-08 09:04:35,121,134,309,88,169
2025-12-08 09:05:35,122,134,309,88,169
2025-12-08 09:06:36,123,134,309,88,169
2025-12-08 09:07:36,124,134,310,88,169
2025-12-08 09:08:36,125,134,310,88,169
2025-12-08 09:09:37,126,133,309,88,169
2025-12-08 09:10:37,127,132,309,88,169
2025-12-08 09:11:37,128,133,309,88,169
2025-12-08 09:12:38,129,134,308,88,169
2025-12-08 09:13:38,130,134,308,88,169
2025-12-08 09:14:38,131,134,308,88,169
2025-12-08 09:15:38,132,135,308,88,169
2025-12-08 09:16:39,133,134,308,88,169
2025-12-08 09:17:39,134,135,307,88,169
2025-12-08 09:18:39,135,138,308,88,169
2025-12-08 09:19:39,136,136,309,88,169
2025-12-08 09:20:40,137,136,307,88,169
2025-12-08 09:21:40,138,136,309,88,169
2025-12-08 09:22:40,139,136,310,88,169
2025-12-08 09:23:40,140,135,309,88,169
2025-12-08 09:24:41,141,137,309,88,169
2025-12-08 09:25:41,142,137,309,88,169
2025-12-08 09:26:42,143,137,309,88,169
2025-12-08 09:27:42,144,137,309,88,169
2025-12-08 09:28:42,145,137,309,88,169
2025-12-08 09:29:42,146,136,309,88,168
2025-12-08 09:30:43,147,136,309,89,169
2025-12-08 09:31:43,148,136,309,89,169
2025-12-08 09:32:43,149,136,309,89,169
2025-12-08 09:33:43,150,136,309,89,169
2025-12-08 09:34:44,151,135,308,89,169
2025-12-08 09:35:44,152,133,306,89,169
2025-12-08 09:36:44,153,133,306,90,169
2025-12-08 09:37:45,154,134,307,90,169
2025-12-08 09:38:45,155,135,309,90,169
2025-12-08 09:39:45,156,137,311,90,169
2025-12-08 09:40:45,157,137,310,90,169
2025-12-08 09:41:46,158,135,309,89,169
2025-12-08 09:42:46,159,135,310,89,169
2025-12-08 09:43:46,160,135,309,89,169
2025-12-08 09:44:47,161,137,310,89,169
2025-12-08 09:45:47,162,137,309,89,169
2025-12-08 09:46:47,163,137,310,89,169
2025-12-08 09:47:47,164,138,310,89,169
2025-12-08 09:48:47,165,138,310,89,169
2025-12-08 09:49:48,166,135,306,89,169
2025-12-08 09:50:48,167,139,310,89,169
2025-12-08 09:51:48,168,139,310,89,169
2025-12-08 09:52:49,169,139,310,89,169
2025-12-08 09:53:49,170,139,310,89,169
2025-12-08 09:54:49,171,139,310,89,169
2025-12-08 09:55:49,172,140,310,89,169
2025-12-08 09:56:49,173,140,310,89,169
2025-12-08 09:57:50,174,140,310,89,169
2025-12-08 09:58:50,175,140,310,89,169
2025-12-08 09:59:50,176,140,310,90,169
2025-12-08 10:00:51,177,140,310,90,169
2025-12-08 10:01:51,178,140,310,90,170
2025-12-08 10:02:51,179,141,310,89,169
2025-12-08 10:03:52,180,141,310,89,169
2025-12-08 10:04:52,181,141,310,90,169
2025-12-08 10:05:52,182,140,310,90,169
2025-12-08 10:06:52,183,140,309,90,169
2025-12-08 10:07:53,184,141,310,90,169
2025-12-08 10:08:53,185,141,310,90,169
2025-12-08 10:09:53,186,141,310,90,169
2025-12-08 10:10:53,187,141,310,90,169
2025-12-08 10:11:53,188,141,310,90,168
2025-12-08 10:12:54,189,140,309,91,169
2025-12-08 10:13:54,190,141,310,91,169
2025-12-08 10:14:54,191,141,310,91,169
2025-12-08 10:15:54,192,141,310,91,169
2025-12-08 10:16:54,193,141,310,91,169
2025-12-08 10:17:55,194,141,310,91,169
2025-12-08 10:18:55,195,141,310,91,169
2025-12-08 10:19:55,196,141,309,91,169
2025-12-08 10:20:55,197,142,310,91,169
2025-12-08 10:21:56,198,143,310,91,169
2025-12-08 10:22:56,199,143,310,91,169
2025-12-08 10:23:56,200,143,310,91,169
2025-12-08 10:24:57,201,143,310,91,169
2025-12-08 10:25:57,202,143,310,91,169
2025-12-08 10:26:57,203,142,310,91,169
2025-12-08 10:27:57,204,142,310,91,169
2025-12-08 10:28:58,205,143,309,91,169
2025-12-08 10:29:58,206,144,310,91,169
2025-12-08 10:30:58,207,144,310,91,169
2025-12-08 10:31:58,208,144,310,91,169
2025-12-08 10:32:59,209,144,309,91,169
2025-12-08 10:33:59,210,147,308,91,168
2025-12-08 10:34:59,211,148,309,92,169
2025-12-08 10:36:00,212,148,309,92,169
2025-12-08 10:37:00,213,148,309,92,169
2025-12-08 10:38:00,214,149,309,92,169
2025-12-08 10:39:01,215,148,308,92,169
2025-12-08 10:40:01,216,148,308,92,169
2025-12-08 10:41:01,217,148,308,92,169
2025-12-08 10:42:02,218,148,309,92,169
2025-12-08 10:43:02,219,148,309,91,168
2025-12-08 10:44:02,220,148,309,92,169
2025-12-08 10:45:03,221,148,309,93,170
2025-12-08 10:46:03,222,148,309,93,170
2025-12-08 10:47:03,223,148,309,93,170
2025-12-08 10:48:04,224,148,309,93,170
2025-12-08 10:49:04,225,148,309,93,170
2025-12-08 10:50:04,226,146,308,93,170
2025-12-08 10:51:05,227,147,310,93,170
2025-12-08 10:52:05,228,145,308,93,170
2025-12-08 10:53:05,229,146,309,93,170
2025-12-08 10:54:06,230,148,309,93,170
2025-12-08 10:55:06,231,147,308,93,170
2025-12-08 10:56:06,232,146,308,93,170
2025-12-08 10:57:06,233,146,307,93,170
2025-12-08 10:58:07,234,147,309,93,170
2025-12-08 10:59:07,235,147,309,93,170
2025-12-08 11:00:07,236,147,309,92,169
2025-12-08 11:01:08,237,147,309,92,169
2025-12-08 11:02:08,238,148,309,92,169
2025-12-08 11:03:08,239,146,307,92,169
2025-12-08 11:04:08,240,148,308,92,169
timestamp,iteration,south_bikes,south_capacity,north_bikes,north_capacity
2025-12-08 15:07:09,1,154,309,102,170
2025-12-08 15:08:10,2,153,309,102,170
2025-12-08 15:09:10,3,153,309,102,170
2025-12-08 15:10:10,4,153,309,102,170
2025-12-08 15:11:10,5,153,309,101,170
2025-12-08 15:12:11,6,153,309,101,170
2025-12-08 15:13:11,7,153,309,100,170
2025-12-08 15:14:11,8,153,309,100,170
2025-12-08 15:15:12,9,153,309,100,170
2025-12-08 15:16:12,10,153,309,100,170
2025-12-08 15:17:12,11,153,309,100,170
2025-12-08 15:18:13,12,154,309,100,170
2025-12-08 15:19:13,13,154,309,100,170
2025-12-08 15:20:13,14,154,309,100,170
2025-12-08 15:21:13,15,154,309,100,170
2025-12-08 15:22:14,16,154,307,100,170
2025-12-08 15:23:14,17,155,309,100,170
2025-12-08 15:24:14,18,154,308,101,170
2025-12-08 15:25:15,19,155,308,101,170
2025-12-08 15:26:15,20,155,308,101,170
2025-12-08 15:27:15,21,155,309,101,170
2025-12-08 15:28:15,22,155,308,101,170
2025-12-08 15:29:16,23,157,308,101,170
2025-12-08 15:30:16,24,158,308,101,170
2025-12-08 15:31:16,25,159,309,100,170
2025-12-08 15:32:16,26,159,309,100,170
2025-12-08 15:33:17,27,159,309,100,170
2025-12-08 15:34:17,28,159,309,100,170
2025-12-08 15:35:17,29,157,309,100,170
2025-12-08 15:36:18,30,157,309,100,170
2025-12-08 15:37:18,31,157,309,100,170
2025-12-08 15:38:18,32,157,309,100,170
2025-12-08 15:39:18,33,156,308,100,170
2025-12-08 15:40:19,34,157,308,100,170
2025-12-08 15:41:19,35,157,308,100,170
2025-12-08 15:42:19,36,155,308,100,170
2025-12-08 15:43:20,37,156,309,99,170
2025-12-08 15:44:20,38,156,309,99,170
2025-12-08 15:45:20,39,157,309,99,170
2025-12-08 15:46:21,40,157,309,100,170
2025-12-08 15:47:21,41,158,309,100,170
2025-12-08 15:48:21,42,157,308,100,170
2025-12-08 15:49:21,43,157,308,100,170
2025-12-08 15:50:21,44,157,308,100,170
2025-12-08 15:51:22,45,157,308,100,170
2025-12-08 15:52:22,46,157,308,100,170
2025-12-08 15:53:22,47,157,308,100,170
2025-12-08 15:54:23,48,157,306,100,170
2025-12-08 15:55:23,49,158,307,100,170
2025-12-08 15:56:23,50,158,308,100,170
2025-12-08 15:57:24,51,158,308,100,170
2025-12-08 15:58:24,52,157,307,100,170
2025-12-08 15:59:24,53,157,307,100,170
2025-12-08 16:00:25,54,157,307,100,170
2025-12-08 16:01:25,55,158,306,100,170
2025-12-08 16:02:25,56,159,308,100,170
2025-12-08 16:03:26,57,158,308,100,170
2025-12-08 16:04:26,58,158,308,100,170
2025-12-08 16:05:26,59,159,308,100,170
2025-12-08 16:06:26,60,159,308,100,170
2025-12-08 16:07:27,61,159,307,100,170
2025-12-08 16:08:27,62,159,308,100,170
2025-12-08 16:09:27,63,160,308,100,170
2025-12-08 16:10:28,64,158,307,100,170
2025-12-08 16:11:28,65,157,307,100,169
2025-12-08 16:12:28,66,157,307,101,169
2025-12-08 16:13:28,67,157,307,102,170
2025-12-08 16:14:28,68,156,307,102,170
2025-12-08 16:15:29,69,155,307,102,170
2025-12-08 16:16:29,70,154,307,102,170
2025-12-08 16:17:29,71,154,307,102,170
2025-12-08 16:18:29,72,154,307,102,170
2025-12-08 16:19:29,73,153,306,102,170
2025-12-08 16:20:30,74,155,307,102,170
2025-12-08 16:21:30,75,155,307,102,168
2025-12-08 16:22:30,76,155,307,102,168
2025-12-08 16:23:30,77,155,307,102,168
2025-12-08 16:24:30,78,155,307,102,168
2025-12-08 16:25:31,79,155,307,102,170
2025-12-08 16:26:31,80,155,307,102,170
2025-12-08 16:27:31,81,155,307,102,170
2025-12-08 16:28:31,82,155,307,102,170
2025-12-08 16:29:31,83,155,307,102,170
2025-12-08 16:30:32,84,155,307,102,170
2025-12-08 16:31:32,85,155,309,102,170
2025-12-08 16:32:32,86,154,308,102,170
2025-12-08 16:33:32,87,154,307,101,169
2025-12-08 16:34:33,88,155,308,101,169
2025-12-08 16:35:33,89,156,308,102,170
2025-12-08 16:36:33,90,156,308,102,170
2025-12-08 16:37:33,91,156,308,101,170
2025-12-08 16:38:34,92,156,308,101,170
2025-12-08 16:39:34,93,156,308,101,170
2025-12-08 16:40:34,94,156,308,101,170
2025-12-08 16:41:34,95,157,308,101,170
2025-12-08 16:42:35,96,157,308,101,170
2025-12-08 16:43:35,97,157,307,101,170
2025-12-08 16:44:35,98,158,308,101,170
2025-12-08 16:45:35,99,157,308,102,170
2025-12-08 16:46:35,100,156,308,102,170
2025-12-08 16:47:36,101,156,308,102,170
2025-12-08 16:48:36,102,155,308,102,171
2025-12-08 16:49:36,103,156,309,101,170
2025-12-08 16:50:36,104,155,308,101,170
2025-12-08 16:51:36,105,155,307,101,170
2025-12-08 16:52:37,106,156,308,100,169
2025-12-08 16:53:37,107,156,309,100,169
2025-12-08 16:54:37,108,156,309,100,169
2025-12-08 16:55:37,109,156,309,100,169
2025-12-08 16:56:38,110,154,309,100,169
2025-12-08 16:57:38,111,154,309,100,169
2025-12-08 16:58:38,112,154,309,100,169
2025-12-08 16:59:38,113,154,309,100,170
2025-12-08 17:00:38,114,154,309,100,170
2025-12-08 17:01:38,115,154,309,100,170
2025-12-08 17:02:39,116,154,310,100,170
2025-12-08 17:03:39,117,152,309,100,170
2025-12-08 17:04:39,118,151,308,100,170
2025-12-08 17:05:39,119,150,308,99,170
2025-12-08 17:06:39,120,150,309,99,170
2025-12-08 17:07:40,121,151,309,99,170
2025-12-08 17:08:40,122,152,309,99,170
2025-12-08 17:09:40,123,154,310,99,170
2025-12-08 17:10:40,124,153,311,99,170
2025-12-08 17:11:41,125,152,310,99,170
2025-12-08 17:12:41,126,151,309,99,170
2025-12-08 17:13:41,127,150,309,99,170
2025-12-08 17:14:41,128,150,309,99,169
2025-12-08 17:15:42,129,151,311,100,170
2025-12-08 17:16:42,130,151,310,100,170
2025-12-08 17:17:42,131,151,310,100,170
2025-12-08 17:18:42,132,151,310,100,170
2025-12-08 17:19:42,133,151,310,100,170
2025-12-08 17:20:43,134,152,310,100,170
2025-12-08 17:21:43,135,151,310,100,170
2025-12-08 17:22:43,136,153,310,100,170
2025-12-08 17:23:43,137,152,311,100,170
2025-12-08 17:24:44,138,151,310,100,170
2025-12-08 17:25:44,139,151,310,100,170
2025-12-08 17:26:44,140,152,311,100,170
2025-12-08 17:27:44,141,152,311,99,170
2025-12-08 17:28:45,142,152,311,99,170
2025-12-08 17:29:45,143,153,310,99,170
2025-12-08 17:30:45,144,154,312,99,170
2025-12-08 17:31:45,145,155,313,99,170
2025-12-08 17:32:46,146,154,311,99,170
2025-12-08 17:33:46,147,157,312,99,170
2025-12-08 17:34:46,148,157,312,99,170
2025-12-08 17:35:46,149,158,312,99,170
2025-12-08 17:36:47,150,158,312,99,170
2025-12-08 17:37:48,151,158,312,99,170
2025-12-08 17:38:48,152,158,312,99,170
2025-12-08 17:39:48,153,158,312,99,170
2025-12-08 17:40:49,154,158,313,99,170
2025-12-08 17:41:49,155,157,311,99,170
2025-12-08 17:42:49,156,157,311,99,170
2025-12-08 17:43:49,157,158,311,99,170
2025-12-08 17:44:50,158,159,310,99,170
2025-12-08 17:45:50,159,160,311,99,170
2025-12-08 17:46:50,160,159,311,99,170
2025-12-08 17:47:50,161,159,312,99,170
2025-12-08 17:48:51,162,157,311,99,170
2025-12-08 17:49:51,163,158,311,99,170
2025-12-08 17:50:51,164,159,311,99,170
2025-12-08 17:51:52,165,159,311,100,170
2025-12-08 17:52:52,166,160,310,100,170
2025-12-08 17:53:52,167,160,310,100,170
2025-12-08 17:54:52,168,160,309,100,170
2025-12-08 17:55:53,169,160,309,100,170
2025-12-08 17:56:53,170,159,306,100,170
2025-12-08 17:57:53,171,158,307,100,170
2025-12-08 17:58:53,172,158,306,100,170
2025-12-08 17:59:54,173,158,306,100,170
2025-12-08 18:00:54,174,159,308,100,170
2025-12-08 18:01:54,175,159,307,100,170
2025-12-08 18:02:55,176,160,307,100,170
2025-12-08 18:03:55,177,161,307,100,170
2025-12-08 18:04:55,178,161,307,100,170
2025-12-08 18:05:56,179,163,308,100,170
2025-12-08 18:06:56,180,163,309,100,170
2025-12-08 18:07:56,181,163,309,100,170
2025-12-08 18:08:56,182,162,309,100,170
2025-12-08 18:09:57,183,161,309,100,170
2025-12-08 18:10:57,184,161,309,100,170
2025-12-08 18:11:57,185,161,310,100,170
2025-12-08 18:12:57,186,160,309,100,170
2025-12-08 18:13:57,187,161,309,100,170
2025-12-08 18:14:58,188,162,309,100,170
2025-12-08 18:15:58,189,162,309,100,170
2025-12-08 18:16:58,190,162,309,100,170
2025-12-08 18:17:58,191,162,310,100,170
2025-12-08 18:18:59,192,162,309,100,170
2025-12-08 18:19:59,193,163,310,100,170
2025-12-08 18:20:59,194,163,310,100,170
2025-12-08 18:21:59,195,163,309,100,170
2025-12-08 18:23:00,196,164,308,100,170
2025-12-08 18:24:00,197,165,310,100,170
2025-12-08 18:25:00,198,165,310,100,170
2025-12-08 18:26:00,199,165,311,100,170
2025-12-08 18:27:01,200,164,310,100,170
2025-12-08 18:28:01,201,164,310,100,170
2025-12-08 18:29:01,202,165,309,100,170
2025-12-08 18:30:01,203,166,310,100,170
2025-12-08 18:31:02,204,166,310,100,170
2025-12-08 18:32:02,205,167,311,100,170
2025-12-08 18:33:02,206,167,311,100,170
2025-12-08 18:34:02,207,166,311,99,170
2025-12-08 18:35:02,208,167,311,99,169
2025-12-08 18:36:03,209,167,311,100,170
2025-12-08 18:37:03,210,167,311,100,170
2025-12-08 18:38:03,211,168,312,100,170
2025-12-08 18:39:03,212,167,313,100,170
2025-12-08 18:40:03,213,166,312,100,170
2025-12-08 18:41:04,214,167,312,100,170
2025-12-08 18:42:04,215,167,312,100,170
2025-12-08 18:43:04,216,167,312,100,170
2025-12-08 18:44:05,217,167,312,100,171
2025-12-08 18:45:05,218,167,312,99,170
2025-12-08 18:46:05,219,168,312,99,170
2025-12-08 18:47:05,220,168,312,99,170
2025-12-08 18:48:05,221,168,312,99,170
2025-12-08 18:49:06,222,168,312,99,170
2025-12-08 18:50:06,223,168,313,99,170
2025-12-08 18:51:06,224,167,312,99,170
2025-12-08 18:52:07,225,167,312,99,170
2025-12-08 18:53:07,226,167,312,99,170
2025-12-08 18:54:07,227,167,312,99,170
2025-12-08 18:55:08,228,167,312,98,170
2025-12-08 18:56:08,229,167,313,98,170
2025-12-08 18:57:08,230,166,312,98,170
2025-12-08 18:58:08,231,166,311,98,170
2025-12-08 18:59:09,232,167,312,98,170
2025-12-08 19:00:09,233,167,312,98,170
2025-12-08 19:01:09,234,167,312,98,170
2025-12-08 19:02:10,235,167,312,98,170
2025-12-08 19:03:10,236,167,312,98,170
2025-12-08 19:04:10,237,167,312,98,170
2025-12-08 19:05:10,238,167,312,98,170
2025-12-08 19:06:11,239,167,312,98,170
2025-12-08 19:07:11,240,167,312,98,170
